<?xml version="1.0" encoding="UTF-8"?>
<!-- Generated by JClic - https://projectestac.github.io/jclic -->
<manifest identifier="JClic-30341F" version="1.0" xmlns="http://www.imsproject.org/xsd/imscp_rootv1p1p2" xmlns:adlcp="http://www.adlnet.org/xsd/adlcp_rootv1p2" xmlns:xsi="http://www.w3.org/2001/XMLSchema-instance" xsi:schemaLocation= "http://www.imsproject.org/xsd/imscp_rootv1p1p2 imscp_rootv1p1p2.xsd http://www.imsglobal.org/xsd/imsmd_rootv1p2p1 imsmd_rootv1p2p1.xsd http://www.adlnet.org/xsd/adlcp_rootv1p2 adlcp_rootv1p2.xsd">
 <metadata> 
  <schema>ADL SCORM</schema>
  <schemaversion>1.2</schemaversion>
 </metadata> 
 <organizations default="JClic">  
  <organization identifier="JClic">  
   <title>Rompecabezas</title>
   <item identifier="ITEM_JClic-30341F" identifierref="RES_JClic-30341F">
    <title>Rompecabezas</title>
   </item>
  </organization>
 </organizations>
 <resources>
  <resource identifier="RES_JClic-30341F" type="webcontent" href="/index.html" adlcp:scormtype="sco"> 
   <file href="favicon-huecos_en_la_frase.ico"/>
   <file href="favicon.ico"/>
   <file href="huecos_en_la_frase.jclic"/>
   <file href="huecos_en_la_frase.jclic.js"/>
   <file href="icon-192-huecos_en_la_frase.png"/>
   <file href="icon-192.png"/>
   <file href="icon-72-huecos_en_la_frase.png"/>
   <file href="icon-72.png"/>
   <file href="imagen_rompecabezas-rompecabezas.png"/>
   <file href="imagen_rompecabezas.png"/>
   <file href="imsmanifest.xml"/>
   <file href="index.html"/>
   <file href="project-cover-huecos_en_la_frase.jpg"/>
   <file href="project-cover.jpg"/>
   <file href="project-thumb-huecos_en_la_frase.jpg"/>
   <file href="project-thumb.jpg"/>
   <file href="project.json"/>
   <file href="rompecabezas.jclic"/>
   <file href="rompecabezas.jclic.js"/>
   <file href="sopa_de_letras.jclic"/>
   <file href="sopa_de_letras.jclic.js"/>
  </resource>
 </resources>
</manifest>